yaw_deg,frame_id,num_points,finite_front_points,fov_points,fov_ratio,common_fov_points
0.0,000001,120268,60498,18630,0.3079440642665873,18630
0.0,000004,115976,57943,19063,0.3289957371899971,19063
0.0,000007,122798,61070,19423,0.31804486654658587,19423
0.0,000008,122555,57394,17238,0.30034498379621566,17238
0.0,000009,123928,61428,19411,0.3159959627531419,19411
0.5,000001,120268,60478,18629,0.30802936605046466,18492
0.5,000004,115976,57969,19053,0.32867567147958393,18929
0.5,000007,122798,61067,19433,0.31822424550084333,19285
0.5,000008,122555,57377,17281,0.3011834010143437,17138
0.5,000009,123928,61433,19412,0.3159865219019094,19279
1.0,000001,120268,60482,18630,0.3080255282563407,18360
1.0,000004,115976,57981,19032,0.3282454597195633,18793
1.0,000007,122798,61063,19388,0.31750814732325633,19144
1.0,000008,122555,57381,17316,0.301772363674387,17033
1.0,000009,123928,61449,19395,0.31562759361421666,19140
2.0,000001,120268,60488,18633,0.3080445708239651,18089
2.0,000004,115976,57967,18975,0.3273414183932237,18518
2.0,000007,122798,61041,19236,0.3151324519585197,18870
2.0,000008,122555,57404,17384,0.3028360393003972,16835
2.0,000009,123928,61445,19381,0.3154202945723818,18871
3.0,000001,120268,60484,18635,0.3080980093909133,17815
3.0,000004,115976,57928,18965,0.3273891727661925,18244
3.0,000007,122798,61037,19268,0.31567737601782525,18593
3.0,000008,122555,57428,17436,0.30361496134289895,16622
3.0,000009,123928,61437,19381,0.31546136692872373,18598
