yaw_deg,frame_id,object_index,object_class,baseline_points,retained_points,retention,camera_depth_m,median_pixel_shift_px,seed
0.0,000001,1,Car,12,12,1.0,58.49,0.0,42
0.0,000001,2,Cyclist,27,27,1.0,45.84,0.0,42
0.0,000004,0,Car,135,135,1.0,38.26,0.0,42
0.0,000004,1,Car,39,39,1.0,51.17,0.0,42
0.0,000007,0,Car,205,205,1.0,25.01,0.0,42
0.0,000007,1,Car,23,23,1.0,47.55,0.0,42
0.0,000007,2,Car,6,6,1.0,60.52,0.0,42
0.0,000007,3,Cyclist,73,73,1.0,34.09,0.0,42
0.0,000008,0,Car,3163,3163,1.0,3.68,0.0,42
0.0,000008,1,Car,3761,3761,1.0,7.86,0.0,42
0.0,000008,2,Car,1904,1904,1.0,6.15,0.0,42
0.0,000008,3,Car,1127,1127,1.0,14.44,0.0,42
0.0,000008,4,Car,91,91,1.0,33.2,0.0,42
0.0,000008,5,Car,344,344,1.0,19.96,0.0,42
0.0,000009,0,Car,244,244,1.0,23.88,0.0,42
0.0,000009,1,Car,16,16,1.0,66.37,0.0,42
0.5,000001,1,Car,12,11,0.9166666666666666,58.49,6.8795690084562695,42
0.5,000001,2,Cyclist,27,14,0.5185185185185185,45.84,6.395118521246074,42
0.5,000004,0,Car,135,116,0.8592592592592593,38.26,7.453256810878688,42
0.5,000004,1,Car,39,29,0.7435897435897436,51.17,6.9905918792854,42
0.5,000007,0,Car,205,182,0.8878048780487805,25.01,6.377205939301864,42
0.5,000007,1,Car,23,16,0.6956521739130435,47.55,6.504813733514074,42
0.5,000007,2,Car,6,4,0.6666666666666666,60.52,6.377033363123346,42
0.5,000007,3,Cyclist,73,50,0.684931506849315,34.09,7.2412342971981,42
0.5,000008,0,Car,3163,3102,0.9807145115396775,3.68,8.060484287417767,42
0.5,000008,1,Car,3761,3658,0.9726136665780377,7.86,6.746152673808138,42
0.5,000008,2,Car,1904,1816,0.9537815126050421,6.15,9.15750410205148,42
0.5,000008,3,Car,1127,1070,0.9494232475598935,14.44,6.453497080428146,42
0.5,000008,4,Car,91,71,0.7802197802197802,33.2,6.620223632038893,42
0.5,000008,5,Car,344,316,0.9186046511627907,19.96,7.522851548758699,42
0.5,000009,0,Car,244,214,0.8770491803278688,23.88,6.376805603684625,42
0.5,000009,1,Car,16,15,0.9375,66.37,6.372093145654263,42
1.0,000001,1,Car,12,5,0.4166666666666667,58.49,13.795425412612175,42
1.0,000001,2,Cyclist,27,0,0.0,45.84,12.779778995151773,42
1.0,000004,0,Car,135,98,0.725925925925926,38.26,14.962151698625819,42
1.0,000004,1,Car,39,21,0.5384615384615384,51.17,14.021437330531471,42
1.0,000007,0,Car,205,160,0.7804878048780488,25.01,12.75816159146092,42
1.0,000007,1,Car,23,12,0.5217391304347826,47.55,13.028843671098118,42
1.0,000007,2,Car,6,2,0.3333333333333333,60.52,12.76454965663487,42
1.0,000007,3,Cyclist,73,29,0.3972602739726027,34.09,14.531065331163278,42
1.0,000008,0,Car,3163,3033,0.958899778691116,3.68,16.193699465093367,42
1.0,000008,1,Car,3761,3543,0.9420366923690507,7.86,13.515902520208034,42
1.0,000008,2,Car,1904,1729,0.9080882352941176,6.15,18.212441588546813,42
1.0,000008,3,Car,1127,1006,0.8926353149955635,14.44,12.898943484349166,42
1.0,000008,4,Car,91,60,0.6593406593406593,33.2,13.217109387109778,42
1.0,000008,5,Car,344,281,0.8168604651162791,19.96,14.990552632277563,42
1.0,000009,0,Car,244,190,0.7786885245901639,23.88,12.753481129409419,42
1.0,000009,1,Car,16,10,0.625,66.37,12.744697524701554,42
2.0,000001,1,Car,12,2,0.16666666666666666,58.49,27.74145687180363,42
2.0,000001,2,Cyclist,27,0,0.0,45.84,25.52142072343194,42
2.0,000004,0,Car,135,69,0.5111111111111111,38.26,30.15407934711802,42
2.0,000004,1,Car,39,13,0.3333333333333333,51.17,28.209670826545985,42
2.0,000007,0,Car,205,104,0.5073170731707317,25.01,25.537383794671932,42
2.0,000007,1,Car,23,1,0.043478260869565216,47.55,26.138936633048953,42
2.0,000007,2,Car,6,0,0.0,60.52,25.57507138640538,42
2.0,000007,3,Cyclist,73,0,0.0,34.09,29.263056748172755,42
2.0,000008,0,Car,3163,2910,0.9200126462219412,3.68,32.68584386542939,42
2.0,000008,1,Car,3761,3341,0.8883275724541345,7.86,27.122549557652864,42
2.0,000008,2,Car,1904,1572,0.8256302521008403,6.15,36.03268847316305,42
2.0,000008,3,Car,1127,885,0.7852706299911268,14.44,25.773293638448095,42
2.0,000008,4,Car,91,36,0.3956043956043956,33.2,26.34539416668062,42
2.0,000008,5,Car,344,208,0.6046511627906976,19.96,29.76745659567856,42
2.0,000009,0,Car,244,128,0.5245901639344263,23.88,25.508158736135165,42
2.0,000009,1,Car,16,0,0.0,66.37,25.49304853061507,42
3.0,000001,1,Car,12,0,0.0,58.49,41.84927874581604,42
3.0,000001,2,Cyclist,27,0,0.0,45.84,38.2328941362202,42
3.0,000004,0,Car,135,37,0.2740740740740741,38.26,45.5906955243,42
3.0,000004,1,Car,39,0,0.0,51.17,42.57657198169205,42
3.0,000007,0,Car,205,47,0.22926829268292684,25.01,38.34378051607947,42
3.0,000007,1,Car,23,0,0.0,47.55,39.33918331800094,42
3.0,000007,2,Car,6,0,0.0,60.52,38.43972153166981,42
3.0,000007,3,Cyclist,73,0,0.0,34.09,44.20944281886531,42
3.0,000008,0,Car,3163,2804,0.8865001580777743,3.68,49.48253044514548,42
3.0,000008,1,Car,3761,3139,0.8346184525392183,7.86,40.835234624481885,42
3.0,000008,2,Car,1904,1467,0.770483193277311,6.15,53.484336283671034,42
3.0,000008,3,Car,1127,769,0.6823425022182786,14.44,38.63796748534557,42
3.0,000008,4,Car,91,18,0.1978021978021978,33.2,39.39376882209005,42
3.0,000008,5,Car,344,133,0.3866279069767442,19.96,44.34421620941835,42
3.0,000009,0,Car,244,74,0.30327868852459017,23.88,38.26723633726445,42
3.0,000009,1,Car,16,0,0.0,66.37,38.24992712516831,42
